Id,Business Date,Security Id,Symbol,Security Name,Open Price,High Price,Low Price,Close Price,Total Traded Quantity,Total Traded Value,Previous Day Close Price,Fifty Two Week High,Fifty Two Week Low,Last Updated Time,Last Updated Price,Total Trades,Average Traded Price,Market Capitalization
1,2025-06-08,131,NABIL,Nabil Bank Limited,490,495,489,489.65,50694,24865295.4,492.37,700,450,2025-06-08T14:59:46.156503,489.2,454,490.49,132484.59
2,2025-06-08,132,NIMB,Nepal Investment Mega Bank Limited,208,213,208,210.85,80069,16865793.6,211.76,295,149.2,2025-06-08T14:59:59.493915,212,316,210.64,71960.14
3,2025-06-08,133,SCB,Standard Chartered Bank Limited,605,614,605,606.52,14672,8894775,609.19,790,549,2025-06-08T14:59:39.230746,608,149,606.24,60908.97
4,2025-06-08,134,HBL,Himalayan Bank Limited,222,225,215.1,219.7,91179,19938499.8,221.98,312.1,172.1,2025-06-08T14:59:37.387225,221,271,218.67,47579.58
5,2025-06-08,135,SBI,Nepal SBI Bank Limited,409.21,412,398,399.64,24041,9641306.4,409.21,549,282.3,2025-06-08T14:59:58.618185,398,132,401.03,43557.4
6,2025-06-08,137,EBL,Everest Bank Limited,658,658,640,643.3,72849,47057796.7,653.07,790,511,2025-06-08T14:59:53.964079,648,308,645.96,83273.22
7,2025-06-08,139,NICA,NIC Asia Bank Ltd.,350,361,348,348.67,68124,23905524.3,353.75,573,335.5,2025-06-08T14:59:55.078802,348,412,350.91,52013.08
8,2025-06-08,140,MBL,Machhapuchhre Bank Limited,219,220,216.6,217.01,237220,52108681.3,217.46,295,164.2,2025-06-08T14:59:58.779093,217,175,219.66,25219.51
9,2025-06-08,141,LSL,Laxmi Sunrise Bank Limited,220,220,213,214.51,67185,14452636.1,218.64,300,147.7,2025-06-08T14:59:58.374718,214.1,203,215.11,52225.7
10,2025-06-08,142,KBL,Kumari Bank Limited,210,217,208,209.52,496424,104179633.9,212.93,272.9,133.2,2025-06-08T14:59:56.087576,209.5,884,209.86,54948.42
11,2025-06-08,145,SBL,Siddhartha Bank Limited,293,295,291,293.12,59740,17520543.5,295.22,380,237,2025-06-08T14:59:59.445865,293.3,113,293.27,41300.55
12,2025-06-08,147,SHL,Soaltee Hotel Limited,558.1,574.8,557.1,565.74,297550,168432356.2,560.82,636.5,416.5,2025-06-08T14:59:59.131518,562.2,641,566.06,57810.86
13,2025-06-08,148,TRH,Taragaon Regency Hotel Limited,930.1,940,928,932.48,5025,4691962.7,942.91,1538,740,2025-06-08T14:59:08.462017,940,69,933.72,18296.38
14,2025-06-08,149,OHL,Oriental Hotels Limited,894.9,894.9,867.5,869.9,22751,19874612.8,882.57,1205,746,2025-06-08T14:59:54.235617,869.1,179,873.57,10303.92
15,2025-06-08,152,NHPC,National Hydro Power Company Limited,215,224,215,215.53,81692,17699344.9,215.45,290,136,2025-06-08T14:59:43.952854,217,272,216.65,5315.91
16,2025-06-08,153,BPCL,Butwal Power Company Limited,644.7,670,635,638.68,682280,445151958.2,632.1,670,286,2025-06-08T14:59:56.379289,639,2325,652.44,21773.01
17,2025-06-08,154,CHCL,Chilime Hydropower Company Limited,496.5,529.9,487,525.75,506439,262219785.9,486.77,697,427,2025-06-08T14:59:51.740041,524.7,1925,517.77,46173.45
18,2025-06-08,155,STC,Salt Trading Corporation,4925,5029,4921,4999.87,3472,17258276.1,5002,7000,4454,2025-06-08T14:59:56.035931,5000,80,4970.7,16035.44
19,2025-06-08,156,BBC,Bishal Bazar Company Limited,5500,5650,5390,5542.62,1701,9362935,5556.34,7247,3761,2025-06-08T14:59:12.933462,5563,90,5504.37,222259.06
20,2025-06-08,163,NUBL,Nirdhan Utthan Laghubitta Bittiya Sanstha Limited,673,683.5,665,667.4,18362,12316850.5,677.83,930.2,650,2025-06-08T14:59:02.803611,666.5,123,670.77,17433.02
21,2025-06-08,164,CBBL,Chhimek Laghubitta Bittiya Sanstha Limited,878,878,865.1,868.05,5932,5164205.1,875.33,1155,815,2025-06-08T14:58:54.948989,867.5,113,870.56,27910.81
22,2025-06-08,166,DDBL,Deprosc Laghubitta Bittiya Sanstha Limited,780,795,780,788.36,6104,4810958.4,790.34,1099,759,2025-06-08T14:57:56.853463,792,64,788.16,14728.82
23,2025-06-08,171,SANIMA,Sanima Bank Limited,310,315,310,310.35,53426,16643150.7,313.15,382,240,2025-06-08T14:59:45.140951,310,210,311.51,42150.26
24,2025-06-08,172,NABBC,Narayani Development Bank Limited,1694,1758.9,1694,1736.39,27902,48170802,1728.53,2060,521.4,2025-06-08T14:59:56.334423,1705,58,1726.42,4557.46
25,2025-06-08,176,NICL,Nepal Insurance Co. Ltd.,777,786.8,758,766.19,31316,24122674.6,772.47,1162,749.7,2025-06-08T14:59:11.866858,770,229,770.29,14487.72
26,2025-06-08,177,RBCL,Rastriya Beema Company Limited,14550,14550,14476.1,14480,165,2392931,14525.35,22493.9,12917,2025-06-08T14:35:12.573523,14480,11,14502.61,38608.97
27,2025-06-08,178,NLICL,National Life Insurance Co. Ltd.,587.1,598.5,587.1,595.12,14815,8806844.2,598.04,776.1,528,2025-06-08T14:57:36.886532,595.1,82,594.45,32569.37
28,2025-06-08,179,HEI,Himalayan Everest Insurance Limited,584,584,570.2,571.49,19564,11203361.8,573.95,810,555,2025-06-08T14:59:45.230205,572,79,572.65,14288.15
29,2025-06-08,180,UAIL,United Ajod Insurance Limited,575,583.9,572,572.17,11362,6532633.4,580.51,837.3,545.2,2025-06-08T14:59:29.017863,573,123,574.95,12015.57
30,2025-06-08,182,SPIL,Siddhartha Premier Insurance Limited,825,830,812,815.15,27941,22881918.6,834.99,1076,767,2025-06-08T14:59:04.842889,815,84,818.93,22877.59
31,2025-06-08,183,NIL,Neco Insurance Limited,695,698,691.1,694.98,10145,7048548.6,696.02,1050,687,2025-06-08T14:59:14.07249,694,69,694.78,18705.61
32,2025-06-08,184,PRIN,Prabhu Insurance Ltd.,840,840,825,826.77,3153,2611794.9,828.93,1113,756,2025-06-08T14:56:05.523111,825,42,828.35,11917.79
33,2025-06-08,185,SALICO,Sagarmatha Lumbini Insurance Co. Limited,662,680,661.2,672.1,6418,4304134.9,673.1,926,658.2,2025-06-08T14:51:19.885472,672.1,32,670.63,17626.75
34,2025-06-08,186,IGI,IGI Prudential insurance Limited,538,538,526,526.68,10720,5660373.6,528.13,760,508,2025-06-08T14:58:26.452036,527,82,528.01,15954.9
35,2025-06-08,187,NLIC,Nepal Life Insurance Co. Ltd.,756,760,751,752.15,29372,22105091.5,755.38,1060,570.1,2025-06-08T14:59:32.13572,753,286,752.59,67909.84
36,2025-06-08,188,LICN,Life Insurance Corporation (Nepal) Limited,902,910,897,898.43,20157,18151973.5,902.33,2475,897,2025-06-08T14:59:07.511291,898.1,182,900.52,44921.5
37,2025-06-08,192,SICL,Shikhar Insurance Co. Ltd.,739,745,738.9,739.94,8722,6458302.9,740.16,1120,675,2025-06-08T14:59:00.740208,743.4,108,740.46,21629.18
38,2025-06-08,194,NFS,Nepal Finance Ltd.,622,624,605,606.67,15950,9717265,611.87,2614.9,576,2025-06-08T14:59:54.238723,612.5,185,609.23,5089.62
39,2025-06-08,195,BNL,Bottlers Nepal (Balaju) Limited,16000.1,16000.1,15900,15900,153,2435922,16185.1,22500,14900,2025-06-08T14:22:29.38162,15900,14,15921.05,30987.3
40,2025-06-08,204,GUFL,Gurkhas Finance Ltd.,531,544.9,531,539.15,8663,4675653.9,538.45,1041,528.1,2025-06-08T14:59:29.185673,538.5,62,539.72,4679.79
41,2025-06-08,210,CIT,Citizen Investment Trust,1929.9,1929.9,1905.1,1908.92,6983,13328415.9,1907.26,2700,1887,2025-06-08T14:59:33.998945,1908.2,165,1908.69,123730.71
42,2025-06-08,213,BNT,Bottlers Nepal (Terai) Limited,12590,12590,12501,12520,60,751350,12648,18100,12300,2025-06-08T14:59:56.4221,12520,6,12522.5,15149.2
43,2025-06-08,219,UNL,Unilever Nepal Limited,47398,47398,47398,47398,10,473980,46500,56805.8,43022,2025-06-08T11:32:40.512907,47398,1,47398,43639.34
44,2025-06-08,227,BFC,Best Finance Company Ltd.,473.9,480,466,470.26,16323,7700161.1,473.96,951.6,418.5,2025-06-08T14:59:53.252265,473,133,471.73,4187.31
45,2025-06-08,232,GFCL,Goodwill Finance Limited,621.1,631,620,620.52,18205,11413283.3,628.12,1353,446,2025-06-08T14:59:15.848096,623,142,626.93,5870.83
46,2025-06-08,235,HDL,Himalayan Distillery Limited,1199,1199,1190,1193.52,31561,37689378.4,1193.52,1749,1136,2025-06-08T14:59:58.634523,1193,515,1194.17,36681.67
47,2025-06-08,236,PFL,Pokhara Finance Ltd.,405,413,397,399.31,17797,7126953.9,405.66,794.9,339.9,2025-06-08T14:59:42.784452,398,130,400.45,4322.76
48,2025-06-08,238,NMB,NMB Bank Limited,245.5,245.5,235.8,240.06,20871,4996233.5,240.71,300,179.3,2025-06-08T14:59:09.129481,240,137,239.38,44091.11
49,2025-06-08,244,SIFC,Shree Investment Finance Co. Ltd.,485,489,483,483.67,6945,3364994.4,485.56,795,411.1,2025-06-08T14:59:53.869836,484.9,65,484.52,4836.7
50,2025-06-08,245,CFCL,Central Finance Co. Ltd.,520.2,520.2,500,501.61,14476,7309840.2,510.03,820,410.5,2025-06-08T14:59:52.011102,500.7,152,504.96,4759.65
51,2025-06-08,250,JFL,Janaki Finance Company Limited,470,470,455,456.18,18127,8311547.4,462.2,1083.3,400,2025-06-08T14:59:37.594032,456,162,458.51,3149.8
52,2025-06-08,255,PRVU,Prabhu  Bank Limited,210,210,205,205.48,166137,34286178.6,208.42,297,137,2025-06-08T14:59:52.006625,206,468,206.37,48375.11
53,2025-06-08,256,SFCL,Samriddhi Finance Company Limited,475,475,458,460.73,23933,11136499.8,473.06,1117.9,351,2025-06-08T14:59:53.170487,463.5,210,465.31,3772.97
54,2025-06-08,263,GMFIL,Guheshowori Merchant Bank & Finance Co. Ltd.,475,480,472,472.26,8597,4068950.7,479.92,759,386.1,2025-06-08T14:57:18.625313,472.3,54,473.29,4780.1
55,2025-06-08,268,SWBBL,Swabalamban Laghubitta Bittiya Sanstha Limited,796,806,788,795.53,10222,8090955.4,804.11,1232,783.3,2025-06-08T14:56:25.401386,797,90,791.52,13178.95
56,2025-06-08,273,ICFC,ICFC Finance Limited,603,607.9,596.2,600.2,17995,10840130.8,602.2,910,504.1,2025-06-08T14:59:20.316637,602,118,602.39,7103.19
57,2025-06-08,274,EDBL,Excel Development Bank Ltd.,577,588,569.1,570.05,17587,10127229,580.67,838.2,367.7,2025-06-08T14:59:24.946781,573,95,575.83,7123.88
58,2025-06-08,283,KBLPO,Kumari Bank Limited Promotor Share,115,115,115,115,5300,609500,115,115,100,2025-06-08T14:51:35.820486,115,1,115,603.75
59,2025-06-08,307,NTC,Nepal Doorsanchar Company Limited,872.4,872.4,847.8,849.24,31928,27162961.5,855.37,1214,800,2025-06-08T14:59:53.265023,850,405,850.75,152863.2
60,2025-06-08,338,PROFL,Progressive Finance Limited,490,490,475,476.29,13185,6324437,482.14,865,343.1,2025-06-08T14:59:32.962749,475.5,97,479.66,4077.55
61,2025-06-08,341,GBIME,Global IME Bank Limited,235.6,249,231.1,231.56,160783,37654441,236.61,302,170,2025-06-08T14:59:54.023336,232.1,556,234.19,88261.07
62,2025-06-08,348,CZBIL,Citizens Bank International Limited,208.7,210.9,206,207.6,58500,12161730.4,209.78,296,160.1,2025-06-08T14:59:00.816865,207,199,207.89,30660.47
63,2025-06-08,357,PCBL,Prime Commercial Bank Ltd.,240,244,237,240.52,32352,7769047.9,240.24,329,190.1,2025-06-08T14:58:28.277557,241,133,240.14,46667.08
64,2025-06-08,358,LBBL,Lumbini Bikas Bank Ltd.,450,455,435.6,439.8,92391,40749210.5,444.45,560,367,2025-06-08T14:58:22.597669,442,259,441.05,15936.94
65,2025-06-08,360,AHPC,Arun Valley Hydropower Development Co. Ltd.,298,308,296,301.59,788498,238445233.5,295.85,349,149,2025-06-08T14:59:51.799508,301,2084,302.4,11605.19
66,2025-06-08,371,MDB,Miteri Development Bank Limited,584,590,578,579.25,18483,10743666.1,582.08,843.5,478.1,2025-06-08T14:59:55.846186,579,149,581.27,7050.05
67,2025-06-08,385,ALICL,Asian Life Insurance Co. Limited,510,510,493,494.91,27045,13470673.3,501.64,831,493,2025-06-08T14:59:05.643813,494,212,498.08,23893.11
68,2025-06-08,393,HLI,Himalayan Life Insurance Limited,408,409,399.5,401.58,70280,28244892.8,405.35,607,364.1,2025-06-08T14:59:31.46015,402,587,401.89,36717.41
69,2025-06-08,396,NMLBBL,Nerude Mirmire Laghubitta Bittiya Sanstha Limited,650,650,635,637.47,3022,1928313,640.89,988,608.2,2025-06-08T14:57:31.435125,640,52,638.09,8910.33
70,2025-06-08,397,ADBL,Agricultural Development Bank Limited,288.5,290,285,287.6,10481,3010633.6,288.25,428.4,249.9,2025-06-08T14:59:37.20355,288,103,287.24,39847.63
71,2025-06-08,401,MLBL,Mahalaxmi Bikas Bank Ltd.,382.1,386,381.2,382.49,33231,12716928.5,382.55,498,311.7,2025-06-08T14:59:51.083428,383,147,382.68,16433.52
72,2025-06-08,403,SJLIC,SuryaJyoti Life Insurance Company Limited,426,432,426,427.26,12393,5297475.1,428.71,644,395.1,2025-06-08T14:59:52.927424,428,242,427.45,21414.05
73,2025-06-08,417,GBBL,Garima Bikas Bank Limited,394,395.5,391.2,394.23,30383,11977659.6,392.96,531.4,350.1,2025-06-08T14:59:58.994254,394.5,101,394.22,22394.3
74,2025-06-08,418,JBBL,Jyoti Bikas Bank Limited,326,327,323.3,325.66,29831,9690284.5,326.04,445,279.1,2025-06-08T14:59:13.570191,327,155,324.83,14315.32
75,2025-06-08,450,CORBL,Corporate Development Bank Limited,2408.5,2542.3,2330,2358,6362,15056877.9,2443.72,2842.3,463,2025-06-08T14:59:57.409604,2330,109,2366.68,12379.5
76,2025-06-08,459,KSBBL,Kamana Sewa Bikas Bank Limited,455,455,441.5,443.21,22975,10218537.7,449.52,564.8,362,2025-06-08T14:59:50.975372,444.5,127,444.76,15560.42
77,2025-06-08,469,NIMBPO,Nepal Investment Mega Bank Ltd. Promoter Share,160,160,155.1,155.1,3098,486739.8,160.6,222,128.5,2025-06-08T14:48:54.605922,155.1,6,157.11,28395
78,2025-06-08,471,MPFL,Multipurpose Finance Company  Limited,588,589,569,572.01,12570,7213486.2,577.46,936.9,471.2,2025-06-08T14:59:53.172124,570,104,573.86,3490.41
79,2025-06-08,472,SADBL,Shangrila Development Bank Ltd.,402,409.4,399,399.88,48602,19582999,405.39,497,303.4,2025-06-08T14:59:56.286088,401.5,193,402.92,14220.76
80,2025-06-08,473,SHINE,Shine Resunga Development Bank Ltd.,403,408.8,403,406.98,32646,13267693.1,402.84,625,373.2,2025-06-08T14:59:44.87661,406,111,406.41,19843.13
81,2025-06-08,474,MNBBL,Muktinath Bikas Bank Ltd.,365,365,358.2,359.22,34313,12322972.8,359.53,482,336,2025-06-08T14:59:45.333223,363,144,359.13,25314.01
82,2025-06-08,490,FMDBL,First Micro Finance Laghubitta Bittiya Sanstha Limited,730.15,745,728.2,739.58,19381,14225647.7,730.15,1004,650,2025-06-08T14:56:54.385013,741,83,733.99,9946.4
83,2025-06-08,516,MFIL,Manjushree Finance Ltd.,596.7,597,583,584.83,8555,5017526,585.84,917,498.1,2025-06-08T14:59:26.745232,585,76,586.5,7904.29
84,2025-06-08,517,NBL,Nepal Bank Limited,257.9,257.9,251.3,251.63,56199,14186852,254.98,337.5,202,2025-06-08T14:59:51.248522,251.9,243,252.43,36974.57
85,2025-06-08,545,SLBBL,Swarojgar Laghubitta Bittiya Sanstha Ltd.,883,883,855.6,872.39,9541,8260596.9,883.74,1250,775.1,2025-06-08T14:59:53.32345,869,130,865.79,6838.88
86,2025-06-08,559,NLG,NLG Insurance Company Ltd.,773.4,773.4,758,771.28,14748,11301066.6,758.27,1382,732,2025-06-08T14:59:35.726841,772,138,766.27,19785.07
87,2025-06-08,561,SINDU,Sindhu Bikash Bank Ltd,850,887,838.1,862.25,80346,69728156.3,848.16,1482,368,2025-06-08T14:59:55.838312,860.4,707,867.84,4806.67
88,2025-06-08,574,SKBBL,Sana Kisan Bikas Laghubitta Bittiya Sanstha Limited,792.24,799.6,785.3,789.9,15136,11977231.5,792.24,1105,780.2,2025-06-08T14:59:50.067936,789,122,791.3,34065.4
89,2025-06-08,583,GBLBS,Grameen Bikas Laghubitta Bittiya Sanstha Ltd.,800,800,773,777.2,8919,7000771.3,788.16,987,667.1,2025-06-08T14:57:46.632928,774.1,127,784.92,7635.99
90,2025-06-08,587,RLFL,Reliance Finance Ltd.,472,475.3,462,463.47,13046,6074205.2,467.59,838,392.5,2025-06-08T14:59:22.362335,462,122,465.59,5197.59
91,2025-06-08,591,SHPC,Sanima Mai Hydropower Ltd.,553.7,590.6,553.7,585.26,752551,440089297.3,564.89,680,316,2025-06-08T14:59:57.965935,586.7,2251,584.79,21876.98
92,2025-06-08,593,KMCDB,Kalika Laghubitta Bittiya Sanstha Ltd,990,1009.8,990,1004.35,1382,1384918.7,995.62,1285,950.6,2025-06-08T14:58:44.893376,1009,38,1002.11,4094.66
93,2025-06-08,601,MLBBL,Mithila LaghuBitta Bittiya Sanstha Limited,1482,1575,1407,1546.75,9029,13225216.3,1453.74,2019,1335.8,2025-06-08T14:56:33.073688,1543.5,108,1464.74,3463.69
94,2025-06-08,610,RIDI,Ridi Power Company Limited,258.9,264,255,257.44,264869,68984326.6,255.92,311,157.9,2025-06-08T14:59:52.010096,257,720,260.44,5981.24
95,2025-06-08,618,LLBS,Laxmi Laghubitta Bittiya Sanstha Ltd.,1060,1060,1005.6,1034.37,1434,1475302.6,1046,1428,993,2025-06-08T14:56:05.354739,1026,32,1028.8,4568.42
96,2025-06-08,634,RBCLPO,Rastriya Beema Company Limited Promoter Share,11701,11701,11468.5,11505.5,278,3207890.5,11700.66,16270,9893.1,2025-06-08T14:58:51.211774,11501,15,11539.17,20437.17
97,2025-06-08,686,BARUN,Barun Hydropower Co. Ltd.,319,324,309,316.47,114441,35962530.4,319.28,589,230.3,2025-06-08T14:59:57.056219,316,631,314.24,3391.39
98,2025-06-08,687,VLBS,Vijaya laghubitta Bittiya Sanstha Ltd.,800,809.5,795,797.86,2629,2099642.7,807.16,1174,770,2025-06-08T14:59:33.798362,796.2,34,798.64,5944.38
99,2025-06-08,693,HLBSL,Himalayan Laghubitta Bittiya Sanstha Limited,954,954,921,923.29,2151,1989475,935.31,1447,817,2025-06-08T14:59:26.046497,921,37,924.9,2952.85
100,2025-06-08,694,MATRI,Matribhumi Lagubitta Bittiya Sanstha Limited,1165,1166.1,1155,1155.12,1118,1296287.9,1172.46,1716,959.2,2025-06-08T14:57:45.050352,1155,45,1159.47,7258.28
101,2025-06-08,695,JSLBB,Janautthan Samudayic Laghubitta Bittya Sanstha Limited,1370,1370,1327.3,1369.3,60,81123.9,1346,1860.4,1304,2025-06-08T14:50:14.704739,1369.3,5,1352.06,2329.07
102,2025-06-08,697,API,Api Power Company Ltd.,299.9,305.7,298,302.16,498690,150741743.16,294.88,390,163.8,2025-06-08T14:59:58.243999,304,1381,302.27,18359.02
103,2025-06-08,700,HEIP,Himalayan Everest Insurance Limited Promoter,367,367,347.9,366.8,16083,5677777.5,374,563,327,2025-06-08T14:53:03.338241,366.8,15,353.02,981.21
104,2025-06-08,704,NMBMF,NMB  Microfinance Bittiya Sanstha Ltd.,686,692,684,684.29,3334,2289875.3,699.3,918,646.8,2025-06-08T14:57:59.849528,684,52,686.82,4936.8
105,2025-06-08,705,GILB,Global IME Laghubitta Bittiya Sanstha Ltd.,1254.86,1260,1231,1234.66,3539,4374525.6,1254.86,1815,1118.2,2025-06-08T14:59:23.568194,1253.8,55,1236.09,7641.31
106,2025-06-08,706,SWMF,Suryodaya Womi Laghubitta Bittiya Sanstha Limited,715.53,725.9,702,711.05,4704,3350780.1,715.53,1214.8,682.1,2025-06-08T14:56:43.902811,716,48,712.32,7866.25
107,2025-06-08,1741,MERO,Mero Microfinance Bittiya Sanstha Ltd.,728,728,709,710.43,13656,9745354.2,723.3,980,648,2025-06-08T14:59:29.344221,709,107,713.63,10081
108,2025-06-08,2742,HIDCL,Hydorelectricity Investment and Development Company Ltd,312,317,309.6,311.08,744969,232864969.5,311.7,360,158.1,2025-06-08T14:59:57.411617,311,1378,312.58,76400.67
109,2025-06-08,2743,NGPL,Ngadi Group Power Ltd.,388,404.1,388,394.55,1547064,617162493.9,395.88,571,250,2025-06-08T14:59:59.376619,394,3379,398.92,14608.44
110,2025-06-08,2744,GRDBL,Green Development Bank Ltd.,1275,1325,1275,1306.43,24362,31910181.8,1252.71,2001.4,417,2025-06-08T14:59:31.859918,1301.1,242,1309.83,7442.71
111,2025-06-08,2746,NMFBS,National Laghubitta Bittiya Sanstha Limited,1210,1230,1208,1223.37,3187,3900220.4,1222.26,1727,1161,2025-06-08T14:58:44.507844,1229.9,42,1223.79,16290.5
112,2025-06-08,2747,NMFBSP,National Laghubitta Bittiya Sanstha Limited Promoter,675,675,675,675,10000,6750000,675,785,631,2025-06-08T14:27:34.408952,675,7,675,675
113,2025-06-08,2748,RSDC,RSDC Laghubitta Bittiya Sanstha Ltd.,650.06,671.5,645.5,666.68,11206,7332082.1,650.06,890,639,2025-06-08T14:59:59.13331,658.1,118,654.29,6893.9
114,2025-06-08,2751,KKHC,Khanikhola Hydropower Co. Ltd.,343,356.7,340.1,342.87,18818,6491090.2,337.25,475,214,2025-06-08T14:59:14.929654,343,126,344.94,1596.79
115,2025-06-08,2754,DHPL,Dibyashwori Hydropower Ltd.,316.1,323,312,318.63,27130,8581345.4,317.67,427.2,186.3,2025-06-08T14:59:09.831954,316,179,316.3,841.18
116,2025-06-08,2757,AKPL,Arun Kabeli Power Ltd.,277,281,272,274.14,985766,271599215.5,276.92,326,157.2,2025-06-08T14:59:59.500732,274,2038,275.52,10680.34
117,2025-06-08,2758,FOWAD,Forward Microfinance Laghubitta Bittiya Sanstha Limited,1107.46,1109,1086,1089.81,10739,11759967.7,1107.46,1739,1059.3,2025-06-08T14:59:52.39332,1105,76,1095.07,13033.62
118,2025-06-08,2759,SPDL,Synergy Power Development Ltd.,368,393,367,386.98,370682,142510655.8,364.45,419.9,228.7,2025-06-08T14:59:57.880006,388,1566,384.45,4681.93
119,2025-06-08,2760,UMHL,United Modi Hydropower Ltd.,507.9,520,507.9,516.21,194994,100541903.1,514.47,545,228.1,2025-06-08T14:59:58.969142,515.6,444,515.61,6351.96
120,2025-06-08,2761,SMATA,Samata Gharelu Laghubitta Bittiya Sanstha Limited,764,764,749.1,758.26,3174,2398936.9,764.73,1271,735,2025-06-08T14:58:33.845146,760,84,755.8,4769.85
121,2025-06-08,2766,CHL,Chhyangdi Hydropower Ltd.,283.5,305.9,280,300.44,80554,23905200.6,278.17,599.7,276,2025-06-08T14:59:56.357589,302,506,296.75,2325.27
122,2025-06-08,2767,HPPL,Himalayan Power Partner Ltd.,492,540,487.4,536.61,253584,131788098.8,497.08,711,250,2025-06-08T14:59:59.144641,537,986,519.7,5717.13
123,2025-06-08,2768,MSLB,Mahuli Laghubitta Bittiya Sanstha Limited,1185,1200,1178.4,1186.46,2566,3040237.5,1196.23,1851,1130.2,2025-06-08T14:57:51.930237,1180,89,1184.81,4389
124,2025-06-08,2769,NHDL,Nepal Hydro Developers Ltd.,704,704,685,691.39,914,629582.7,691.5,1002.6,494,2025-06-08T14:59:47.777944,687,24,688.82,2683.95
125,2025-06-08,2770,SEF,Siddhartha Equity Fund,9.88,9.91,9.88,9.9,2850,28172.5,10.05,10.49,7.8,2025-06-08T13:31:19.395718,9.9,4,9.88,1485
126,2025-06-08,2771,SMB,Support Microfinance Bittiya Sanstha Ltd.,2135,2192.9,2085,2089.47,1949,4144205.3,2167.24,4026.2,1545,2025-06-08T14:54:10.014261,2093,70,2126.32,2558.42
127,2025-06-08,2774,USLB,Unnati Sahakarya Laghubitta Bittiya Sanstha Limited,1873.1,1880,1830,1854.35,5882,10879995.4,1871.92,2076,1320,2025-06-08T14:59:23.914826,1840,93,1849.71,4577.76
128,2025-06-08,2776,RADHI,Radhi Bidyut Company Ltd,845,850,820,824.41,874768,729514660.6,845.87,850,227,2025-06-08T14:59:57.34493,823,2604,833.95,15160.73
129,2025-06-08,2781,WNLB,Wean Nepal Laghubitta Bittiya Sanstha Limited,2200,2220,2116,2123.14,1675,3588236,2180.21,4271,1370,2025-06-08T14:59:57.970909,2135,91,2142.23,1790.67
130,2025-06-08,2784,NADEP,Nadep Laghubittiya bittya Sanstha Ltd.,840,863,816,860.43,4224,3509008,846.68,1190,775,2025-06-08T14:57:22.445906,863,33,830.73,4179.62
131,2025-06-08,2786,PMHPL,Panchakanya Mai Hydropower Ltd,293,302.9,287.2,293.01,17801,5255553,288.31,348.8,219.6,2025-06-08T14:59:57.365628,295.4,96,295.23,3223.11
132,2025-06-08,2787,KPCL,Kalika power Company Ltd,511.1,520,511.1,512.05,16301,8361519.6,515.24,652.4,434,2025-06-08T14:59:35.810582,512.1,75,512.94,4782.29
133,2025-06-08,2788,AKJCL,Ankhu Khola Jalvidhyut Company Ltd,209,209,204.9,205.05,106941,21990275.4,205.65,274.9,150.9,2025-06-08T14:59:19.17038,205,352,205.62,4101
134,2025-06-08,2789,JOSHI,Joshi Hydropower Development Company Ltd,381,400,381,386.76,36093,14121827.4,383.08,521.6,265,2025-06-08T14:59:44.883578,391,196,391.26,1436.43
135,2025-06-08,2790,ACLBSL,Aarambha Chautari Laghubitta Bittiya Sanstha Limited,1025.2,1045,1025,1040.06,1294,1332696.1,1043.14,1491,938,2025-06-08T14:52:45.154561,1035,40,1029.9,3818.51
136,2025-06-08,2792,UPPER,Upper Tamakoshi Hydropower Ltd,200,200,197.3,198.28,118862,23619666.8,198.96,295,152.1,2025-06-08T14:59:55.031453,198.5,563,198.71,41995.7
137,2025-06-08,2804,SLBSL,Samudayik Laghubitta Bittiya Sanstha Limited,1321.1,1321.1,1250,1276.86,11726,14970521.9,1347.72,3047,1136.7,2025-06-08T14:59:59.378236,1273,230,1276.69,2180.94
138,2025-06-08,2806,GHL,Ghalemdi Hydro Limited,245,247.8,241.2,245.56,150792,36847339.7,243.09,318,142,2025-06-08T14:59:49.534842,247,390,244.35,4051.74
139,2025-06-08,2807,ALBSL,Asha Laghubitta Bittiya Sanstha Ltd,800,810,795,795.8,4951,3947449.5,805.04,1177,771,2025-06-08T14:57:24.502679,797,78,797.3,5833.58
140,2025-06-08,2808,ALBSLP,Asha Laghubitta Bittiya Sanstha Ltd Promoter Share,442,442,442,442,12000,5304000,442,542,442,2025-06-08T12:58:40.265858,442,2,442,1475.9
141,2025-06-08,2809,SHIVM,SHIVAM CEMENTS LTD,520,520,514,515.37,144101,74397128.8,518.43,779.9,470.5,2025-06-08T14:59:50.349767,515,630,516.28,28122.75
142,2025-06-08,2810,UPCL,UNIVERSAL POWER COMPANY LTD,468,489,465.2,470.51,1303525,622778849,468.62,489,186,2025-06-08T14:59:59.334001,471,3332,477.76,10727.3
143,2025-06-08,2811,MHNL,Mountain Hydro Nepal Limited,252.2,257.2,252.2,253.03,11323,2876446.2,255.06,379,226,2025-06-08T14:59:27.258015,253,64,254.03,3162.88
144,2025-06-08,2813,PPCL,Panchthar Power Compant Limited,326,333.3,322,323.7,47748,15552127.3,326.78,367.2,221.6,2025-06-08T14:59:57.096213,325,130,325.71,3115.61
145,2025-06-08,2815,GMFBS,Ganapati Laghubitta Bittiya Sanstha Limited,1540,1540,1487.1,1500,983,1478364.8,1540,2327,1235,2025-06-08T14:53:58.13129,1500,31,1503.93,2273.32
146,2025-06-08,2824,HURJA,Himalaya Urja Bikas Company Limited,250,256,246.3,254.3,215574,54613244.5,249.15,326.6,183.6,2025-06-08T14:59:49.832136,254.8,500,253.33,5035.14
147,2025-06-08,2825,NICAD85/86,10% NIC Asia Debenture 2085/86,1100.1,1100.1,1100.1,1100.1,25,27502.5,1091.2,1175,1004.9,2025-06-08T14:50:28.302059,1100.1,1,1100.1,2645.4
148,2025-06-08,2826,GLBSL,Gurans Laghubitta Bittiya Sanstha Limited,2355,2466,2355,2423.59,2873,6997312.7,2362.13,3486,1560,2025-06-08T14:59:43.148144,2425,78,2435.54,2807.72
149,2025-06-08,2829,SMFBS,Swabhimaan Laghubitta Bittiya Sanstha Limited,1740,1740,1681,1717.53,887,1500779.4,1735,2426.4,1323,2025-06-08T14:58:21.47698,1705,22,1691.97,2635.47
150,2025-06-08,2831,UNHPL,Union Hydropower Limited,314.4,346,314.4,338.8,149540,50236376,320.78,371,219.1,2025-06-08T14:59:46.245258,338,514,335.93,2541
151,2025-06-08,2832,ILBS,Infinity Laghubitta Bittiya Sanstha Limited,835.1,850,830.5,847,4154,3470816.3,842.53,1370,820.2,2025-06-08T14:53:42.953776,849,48,835.53,4213.11
152,2025-06-08,2835,NBF2,NABIL BALANCED FUND-2,10.08,10.08,9.81,9.86,45282,447251.98,9.89,10.63,8.05,2025-06-08T14:43:02.041621,9.86,15,9.87,1104.32
153,2025-06-08,2841,RHPL,RASUWAGADHI HYDROPOWER COMPANY LIMITED,368.1,392,368.1,389.77,65412,24988500.2,370.63,527,260.3,2025-06-08T14:59:50.819286,389,391,382.01,26668.45
154,2025-06-08,2842,SJCL,SANJEN JALAVIDHYUT COMPANY LIMITED,314,325,314,322.01,17659,5619453.8,315.24,442,256,2025-06-08T14:59:59.045519,324,171,318.22,11753.36
155,2025-06-08,2859,SIGS2,Siddhartha Investment Growth Scheme - 2,10,10,9.9,9.9,10250,101600,9.94,10.48,7.95,2025-06-08T14:29:48.535775,9.9,4,9.91,1188
156,2025-06-08,2860,SAPDBL,Saptakoshi Development Bank Ltd,1067.1,1197.7,996,1141.26,232016,249621102.9,1088.85,1622.7,317,2025-06-08T14:59:46.211008,1053,877,1075.87,9521.97
157,2025-06-08,2863,NICBF,NIC Asia Balanced Fund,9.08,9.2,9.08,9.13,1000,9134,9.11,10.5,8.38,2025-06-08T13:05:27.013353,9.13,4,9.13,689.32
158,2025-06-08,2867,NMB50,NMB 50,10.71,10.92,10.7,10.92,6400,68806,10.5,12.54,9.44,2025-06-08T13:17:02.2916,10.92,7,10.75,1365
159,2025-06-08,2877,SFMF,Sunrise First Mutual Fund,10.38,10.41,10.21,10.22,24600,251586,10.59,11.99,9.22,2025-06-08T14:58:57.852564,10.22,8,10.22,878.92
160,2025-06-08,2880,HDHPC,Himal Dolakha Hydropower Company Limited,202,202,199.7,200,97955,19641786.8,200.47,273,123.3,2025-06-08T14:59:49.071112,200,343,200.51,5600
161,2025-06-08,2881,NRIC,Nepal Reinsurance Company Limited,1208,1235.1,1208,1217.38,54882,67047012.1,1232.04,1389.9,630.1,2025-06-08T14:59:36.63702,1220,412,1221.65,163399.02
162,2025-06-08,2882,ICFCD83,12% ICFC Finance Limited Debenture 2083,1200,1200,1200,1200,25,30000,1202,1325,1156.4,2025-06-08T13:08:25.150596,1200,1,1200,240
163,2025-06-08,2886,ADBLD83,10.35% Agricultural Bank Debenture 2083,1090,1100,1078.2,1078.15,285,312813,1080,1160,1046,2025-06-08T14:47:57.818661,1078.2,8,1097.58,2695.38
164,2025-06-08,2887,NICLBSL,NIC ASIA Laghubitta Bittiya Sanstha Limited,606,617,606,608.82,5659,3447368.5,611.68,907,606,2025-06-08T14:59:20.09198,610,133,609.18,10590.06
165,2025-06-08,2896,SMPDA,Sampada Laghubitta Bittiya Sanstha Limited,926,944.5,900,902.53,5901,5374715.3,926.45,1470.8,826,2025-06-08T14:58:40.969041,918,97,910.81,6325.46
166,2025-06-08,2898,NRN,NRN Infrastructure and Development Limited,1950,2060,1950,1970.78,146011,293761403.2,1980.1,2159,603,2025-06-08T14:59:59.773797,1988,622,2011.91,25312.15
167,2025-06-08,2902,LUK,Laxmi Unnati Kosh,9.97,10.05,9.86,9.94,4800,47925,9.78,10.4,8.16,2025-06-08T14:41:08.265587,9.94,8,9.98,648.71
168,2025-06-08,2903,LEC,Liberty Energy Company Limited,210.8,212.9,210,210.49,112718,23755722.8,210.67,344,175.1,2025-06-08T14:59:37.007202,210.5,324,210.75,4736.02
169,2025-06-08,2907,SSHL,Shiva Shree Hydropower Ltd,230,230.9,227.1,228.14,48403,11060495.9,227.59,281.1,158.1,2025-06-08T14:59:40.280107,228.2,181,228.5,3368.26
170,2025-06-08,2908,SGIC,Sanima GIC Insurance Limited,550,550,545,545.31,10736,5865016.4,549.44,817.1,516,2025-06-08T14:53:09.220694,545,153,546.29,11724.16
171,2025-06-08,2913,MEN,Mountain Energy Nepal Limited,569,596,569,577.28,85384,49517902.4,579.82,809.5,552.4,2025-06-08T14:59:38.175582,578,368,579.94,15024.96
172,2025-06-08,2914,UMRH,United IDI Mardi RB Hydropower Limited.,558.6,560,549.1,552.52,19106,10561570.7,558.57,790,363.3,2025-06-08T14:59:25.575449,552,90,552.78,2546.14
173,2025-06-08,2915,PMLI,Prabhu Mahalaxmi Life Insurance Limited,510,510,495.2,499.3,4197,2097117.2,500.4,732.2,477.1,2025-06-08T14:59:52.213539,500,133,499.67,25482.51
174,2025-06-08,2917,CGH,Chandragiri Hills Limited,899,918,896,901.47,68736,62155036.8,898.91,1360,833,2025-06-08T14:59:56.266222,901,458,904.25,13829.37
175,2025-06-08,2919,NIFRA,Nepal Infrastructure Bank Limited,284,284,278,278.74,240691,67316206.5,281.19,366.6,188.1,2025-06-08T14:59:53.334237,279,907,279.67,60207.84
176,2025-06-08,2923,SLCF,Sanima Large Cap Fund,9.61,9.86,9.61,9.83,71310,700535.3,9.75,10.6,7.84,2025-06-08T14:52:33.382642,9.83,25,9.82,1179.6
177,2025-06-08,2924,GLH,GreenLife Hydropower Limited,252,256,245.1,251.24,71796,18150769.5,247.15,336,196,2025-06-08T14:59:36.93777,251.5,339,252.81,4522.32
178,2025-06-08,2925,MLBSL,Mahila Lagubitta Bittiya Sanstha Limited ,2198,2235,2180,2216.07,1375,3018178.3,2198,2648.7,1836,2025-06-08T14:58:12.031544,2225,37,2195.03,4821.34
179,2025-06-08,2931,NIBD84,8.5% Nepal Investment Bank Debenture 2084,1047,1050,1047,1050,50,52425,1045,1077,943,2025-06-08T14:59:01.747702,1050,2,1048.5,4200
180,2025-06-08,2933,KEF,Kumari Equity Fund,9.3,9.35,9.02,9.04,11050,102343.5,9.21,10.76,7.91,2025-06-08T14:40:23.965536,9.04,18,9.26,904
181,2025-06-08,2934,SHEL,Singati Hydro Energy Limited,273,277.9,270,274.25,284770,78296909.25,270.55,334.4,151.5,2025-06-08T14:59:59.600329,274.7,894,274.94,7953.25
182,2025-06-08,2935,RURU,Ru Ru Jalbidhyut Pariyojana Limited,690,699,685.1,689.92,8995,6203167.8,687.51,926.8,607.3,2025-06-08T14:59:41.762889,692,71,689.62,3914.07
183,2025-06-08,2937,SBCF,Sunrise Bluechip Fund,9.5,9.57,9.5,9.56,26370,252076.4,9.59,10.04,7.7,2025-06-08T14:55:06.554874,9.57,13,9.55,1195
184,2025-06-08,3946,CHDC,CEDB Holdings Limited,2510,2580,2505,2571.05,69324,175987583.9,2510.3,2730,970,2025-06-08T14:59:33.553451,2562,601,2538.62,26590.75
185,2025-06-08,4947,PSF,Prabhu Select Fund,10.82,10.9,10.76,10.81,13300,144606,10.87,11.1,8.62,2025-06-08T14:50:46.582421,10.81,26,10.87,1351.25
186,2025-06-08,4948,KSBBLD87,9% Kamana Sewa Bikas Bank Limited Debenture 2087,1100,1100,1100,1100,25,27500,1094,1110,980,2025-06-08T14:48:45.177029,1100,1,1100,1100
187,2025-06-08,4949,NIBSF2,NIBL Samriddhi Fund -2,8.11,8.42,8.11,8.42,5550,45849,8.26,9.6,7.53,2025-06-08T13:59:06.130913,8.42,18,8.26,1263
188,2025-06-08,4951,JBLB,Jeevan Bikas Laghubitta  Bittya Sanstha Ltd,1287,1295,1286,1290.75,3789,4888154.8,1291.73,1920,1270.7,2025-06-08T14:59:03.832625,1290,117,1290.09,19828.13
189,2025-06-08,4961,BOKD86,8.5% BOK Debenture 2086,1052,1052,1043,1046,75,78525,1051.1,1095,950,2025-06-08T13:36:25.704252,1046,3,1047,1673.6
190,2025-06-08,4965,SAMAJ,Samaj Laghubittya Bittiya Sanstha Limited,2445.9,2446,2180,2198.46,3172,7052020.9,2398.7,4181,2092,2025-06-08T14:59:07.675082,2200,114,2223.2,502.35
191,2025-06-08,4967,NICSF,NIC Asia Select Fund 30,9.05,9.15,8.96,9.05,82589,749602.45,9.05,11.45,8.49,2025-06-08T14:45:17.879927,9.05,22,9.07,1131.25
192,2025-06-08,4968,RMF1,RBB Mutual Fund 1,9.5,9.52,9.5,9.52,9800,93194,9.69,10.19,7.79,2025-06-08T14:49:33.841251,9.52,11,9.5,1190
193,2025-06-08,4969,MND84/85,Muktinath Debenture 2084/85,1045.3,1045.3,1045.1,1045.1,100,104515,1042,1100,950.9,2025-06-08T12:16:06.759547,1045.1,3,1045.15,1306.38
194,2025-06-08,5982,SRLI,Sanima Reliance Life Insurance Limited,403,408,403,404.01,30426,12298376.2,405.35,654,400.2,2025-06-08T14:59:43.107267,404.9,310,404.2,20260.79
195,2025-06-08,6984,PBD85,8.75 % Prime Debenture 2085,1045.1,1045.1,1045.1,1045.1,50,52255,1056.5,1100,970,2025-06-08T14:39:28.426689,1045.1,1,1045.1,2558.37
196,2025-06-08,6985,SDBD87,Shangri-la Development Bank Debenture 2087,1100,1100,1100,1100,25,27500,1100,1120,947,2025-06-08T14:13:34.380177,1100,1,1100,825
197,2025-06-08,7986,NICD88,NIC ASIA Rinpatra 2088,1043,1043,1043,1043,25,26075,1057.1,1100,935,2025-06-08T14:59:42.921877,1043,1,1043,1641.55
198,2025-06-08,8004,GBILD86/87,Global IME Bank Limited Debenture 2086/87,1051.1,1051.1,1051.1,1051.1,50,52555,1068,1095,935.5,2025-06-08T14:42:16.421266,1051.1,1,1051.1,3153.3
199,2025-06-08,8005,MKJC,Mailung Khola Jal Vidhyut Company Limited,492,492,481,483.77,17884,8703754.1,491.35,735,402,2025-06-08T14:59:23.903576,483,130,486.67,1820.52
200,2025-06-08,8018,MLBS,Manushi Laghubitta Bittiya Sanstha Limited,1546.8,1637,1500,1631.85,2290,3529278.7,1578.24,2530,1278.9,2025-06-08T14:59:55.668398,1604.3,74,1541.16,1784.84
201,2025-06-08,8020,JBBD87,Jyoti Bikash Bank Bond 2087,1060,1060,1060,1081.2,28,29743.6,1092,1135,966.5,2025-06-08T12:14:00.313762,1060,2,1062.27,1621.8
202,2025-06-08,8021,SAHAS,Sahas Urja Limited,518,526,518,525.06,128194,67099499.6,519.09,725,409.5,2025-06-08T14:59:57.250097,524,841,523.42,19847.27
203,2025-06-08,8022,TPC,Terhathum Power Company Limited,336,343.7,336,342.59,13100,4471077.7,336.55,671.6,334,2025-06-08T14:59:47.058872,343,110,341.3,2740.72
204,2025-06-08,8023,MMF1,Mega Mutual Fund -1,8.85,8.86,8.72,8.77,46523,409181.56,8.99,9.72,7.02,2025-06-08T14:57:32.50505,8.78,38,8.79,1096.25
205,2025-06-08,8024,NBF3,Nabil Balanced Fund-3,9.97,9.97,9.59,9.79,48900,472449,9.78,10.45,7.25,2025-06-08T14:55:38.919642,9.79,48,9.66,1223.75
206,2025-06-08,8025,SPC,Samling Power Company Limited,490,507.9,490,501.76,21843,10903936.1,498.35,722,471.7,2025-06-08T14:59:50.077128,502.1,146,499.19,2508.8
207,2025-06-08,8026,NYADI,Nyadi Hydropower Limited,428,436.2,420,430.96,10976,4741450.1,427.69,880,283.3,2025-06-08T14:56:32.203925,433,127,431.98,6464.4
208,2025-06-08,8031,MBJC,Madhya Bhotekoshi Jalavidyut Company Limited,305.7,311.6,303.2,310.45,29487,9046881.2,305.61,433,288.3,2025-06-08T14:59:57.433588,311.3,459,306.8,18627
209,2025-06-08,8032,BNHC,Buddha Bhumi Nepal Hydropower Company Limited,527.9,527.9,505,517.95,10237,5265954.6,519.51,742,440,2025-06-08T14:59:44.729531,520,99,514.4,2071.8
210,2025-06-08,8034,ENL,Emerging Nepal Limited,1101.1,1120,1090,1106.96,1654,1810533.5,1102.47,1453.5,950,2025-06-08T14:57:52.712064,1107.9,48,1094.63,6150.27
211,2025-06-08,8041,NESDO,NESDO Sambridha Laghubitta Bittiya Sanstha Limited,1572,1592,1572,1576.98,1785,2820982.4,1592.77,2641,1566,2025-06-08T14:59:40.013572,1575,52,1580.38,4594.33
212,2025-06-08,8043,CBLD88,Civil Bank Debenture 2088,1148.5,1148.5,1148.5,1148.5,25,28712.5,1126,1254.2,1030,2025-06-08T14:22:43.639186,1148.5,1,1148.5,3445.5
213,2025-06-08,8045,GVL,Green Ventures Limited,434,441,434,437.21,11708,5121491.8,438.04,699.9,424,2025-06-08T14:58:57.93746,437,142,437.43,15029.09
214,2025-06-08,8055,BHL,Balephi Hydropower Limited,211,212.5,209.6,210.62,235382,49646000.6,209.51,520,209,2025-06-08T14:59:54.372162,210.8,892,210.91,7700.14
215,2025-06-08,8063,ULBSL,Upakar Laghubitta Bittiya Sanstha Limited,3623.9,3623.9,3328,3453.09,6647,22567737.1,3697.76,6600,1770,2025-06-08T14:57:30.565733,3439,140,3395.17,3665.39
216,2025-06-08,8065,CYCL,CYC Nepal Laghubitta Bittiya Sanstha Limited,1607.4,1607.4,1568,1571.95,5278,8346073.2,1607.4,1958,1445.1,2025-06-08T14:59:58.997013,1575,147,1581.29,4188.06
217,2025-06-08,8066,RFPL,River Falls Power Limited,535,577,530,577,204639,116845665.6,524.6,1484,348.1,2025-06-08T14:56:16.482532,577,1373,570.98,4039
218,2025-06-08,8070,DORDI,Dordi Khola Jal Bidyut Company Limited,401.9,410,385,388.67,55441,22160092,410.03,696,350,2025-06-08T14:59:54.528179,385.1,262,399.7,8195.19
219,2025-06-08,8073,NICFC,NIC Asia Flexi CAP Fund,9.05,9.23,9.05,9.22,3000,27604,9.2,10.99,8.13,2025-06-08T14:58:39.80774,9.23,19,9.2,94.04
220,2025-06-08,8074,KDBY,Kumari Dhanabriddhi Yojana,9.5,9.6,9.5,9.58,2100,20078,9.69,11,8.51,2025-06-08T14:58:06.208579,9.58,20,9.56,38.32
221,2025-06-08,8075,BHDC,Bindhyabasini Hydropower Development Company Limited,436.1,453.5,431,435.33,10409,4538694.3,427.64,829.7,426,2025-06-08T14:59:58.467948,436,120,436.03,4918.36
222,2025-06-08,8076,HHL,Himalayan Hydropower Limited,407.22,407.5,401,402.28,5626,2264946.84,407.22,635,348.6,2025-06-08T14:59:53.292709,402,88,402.58,4404.97
223,2025-06-08,8099,UHEWA,Upper Hewakhola Hydropower Company Limited,548,550,540,541.87,17611,9528745.2,552.57,993.4,408.1,2025-06-08T14:58:53.723633,550,117,541.06,2709.35
224,2025-06-08,8100,SGHC,Swet-Ganga Hydropower & Construction Limited ,407,414.9,406.3,407.43,13062,5328032.6,413.39,649.5,317,2025-06-08T14:59:38.239525,410,118,407.9,6490.36
225,2025-06-08,8102,MHL,Mandakini Hydropower Limited,583.6,613,583.1,592.7,3139,1846068,595.38,1101,445,2025-06-08T14:57:21.14813,597,70,588.1,3833.39
226,2025-06-08,8104,USHEC,Upper Solu Hydro Electric Company Limited,440,448.8,422,425.34,20155,8599211,431.98,752,400,2025-06-08T14:59:29.902013,428,145,426.65,5742.09
227,2025-06-08,8106,GIBF1,Global IME Balanced Fund-1,10.41,10.79,10.41,10.79,4800,50724,10.61,10.79,8.05,2025-06-08T14:49:27.561454,10.79,18,10.56,1106.8
228,2025-06-08,8108,RHGCL,Rapti Hydro And General Construction Limited,330.1,334,326,331.24,17935,5940775.7,333,708,317.2,2025-06-08T14:59:34.849086,330,153,331.23,4059.64
229,2025-06-08,8109,SBD89,10.25% Sanima Debenture 2089,1140,1140,1140,1140,10,11400,1161,1203,1000,2025-06-08T11:13:51.729572,1140,1,1140,5700
230,2025-06-08,8110,SBID83,10.25% Nepal SBI Bank Debenture 2083,1090,1105,1090,1091.1,125,136680,1085,1147.4,1015.1,2025-06-08T14:38:35.895753,1091.1,3,1093.44,2620.26
231,2025-06-08,8111,HIDCLP,Hydorelectricity Investment and Development Company Limited Promoter,214.5,219,210.7,214.01,866195,185567882,212.17,231,97.2,2025-06-08T14:59:44.262489,214.4,865,214.23,7062.33
232,2025-06-08,8117,AVYAN,Aviyan Laghubitta Bittiya Sanstha Limited,1020,1035,1010,1014.62,2553,2591301,1033.97,1306.8,832,2025-06-08T14:58:38.864009,1012,58,1015,2536.55
233,2025-06-08,8121,SPHL,Sayapatri Hydropower Limited,650.1,688.5,650.1,683.84,3396,2276416.7,661.25,922,500,2025-06-08T14:59:53.392577,686,52,670.32,2051.52
234,2025-06-08,8122,PPL,People's Power Limited,486,486.9,469,474.52,28703,13753811.3,477.7,648.6,428,2025-06-08T14:59:39.902677,477,293,479.17,3001.81
235,2025-06-08,8123,DLBS,Dhaulagiri Laghubitta Bittiya Sanstha Limited,1425.1,1439,1372,1398.61,1120,1570625,1425.04,2250,1190.1,2025-06-08T14:59:45.181048,1392,45,1402.34,1861.55
236,2025-06-08,8125,NSIF2,NMB Sulav Investment Fund - 2,10.55,10.58,10.55,10.57,5800,61300.91,10.53,12.47,9.52,2025-06-08T14:33:49.386035,10.57,8,10.56,1290.6
237,2025-06-08,8126,SIKLES,Sikles Hydropower Limited,839,873,839,848.67,1314,1114138.5,855.97,1475,565,2025-06-08T14:59:05.808572,873,41,847.89,7213.69
238,2025-06-08,8127,KBLD89,11% KBL Debenture 2089,1230,1230,1206,1206,25,30150.1,1230,1275,1046.2,2025-06-08T14:33:39.202194,1206,2,1206,3618
239,2025-06-08,8131,EHPL,Eastern Hydropower Limited,545.5,560,545,550.62,5886,3249956,546.65,997,500,2025-06-08T14:59:04.406756,558,76,552.15,3413.84
240,2025-06-08,8132,SHLB,Shrijanshil Laghubitta Bittiya Sanstha Limited,1926,1973,1862,1899,1663,3149881,1936,2907,1681,2025-06-08T14:57:13.747651,1899,57,1894.09,2077.03
241,2025-06-08,8133,PHCL,Peoples Hydropower Company Limited,535,560,528,531.64,30453,16298947.7,541.93,745.6,297.2,2025-06-08T14:59:50.591675,542,315,535.21,17012.48
242,2025-06-08,9135,BHPL,Barahi Hydropower Public Limited,820.8,836.4,780,782.87,6827,5425458.3,804.78,1308.4,573.4,2025-06-08T14:59:43.85791,783,147,794.7,1957.17
243,2025-06-08,9137,HBLD86,Himalayan Bank Limited Bond, 2086,1127,1127,1127,1127,410,462070,1150,1180.8,1044,2025-06-08T12:25:27.73013,1127,1,1127,2817.5
244,2025-06-08,9138,NIBLGF,NIBL Growth Fund,8.75,8.92,8.75,8.92,8550,76096.5,8.58,10.64,7.84,2025-06-08T14:15:22.188283,8.92,9,8.9,1177.44
245,2025-06-08,9139,SAGF,Sanima Growth Fund,9.95,10,9.95,9.96,1300,12971,10.14,10.93,8.6,2025-06-08T13:51:09.648287,9.96,8,9.97,669.84
246,2025-06-08,9140,UNLB,Unique Nepal Laghubitta Bittiya Sanstha Limited,2070,2070,2006,2024.63,1199,2432058.5,2069.82,3223,1940,2025-06-08T14:59:58.460284,2044.9,29,2028.4,3008.09
247,2025-06-08,9146,SMHL,Super Madi Hydropower Limited,966.2,1064,966.2,1058.72,40999,42582100.7,985.41,1657,557.1,2025-06-08T14:59:38.617822,1050,491,1038.61,23344.78
248,2025-06-08,9147,SPL,Shuvam Power Limited,786,794,771,775.46,3614,2820793,794.17,1109.6,710,2025-06-08T14:59:57.128476,771,52,780.51,1550.92
249,2025-06-08,9148,SMH,Super Mai Hydropower Limited,882,882,831.1,851.22,1086,907670.7,870.9,1283,754,2025-06-08T14:59:25.48039,850,25,835.79,4554.03
250,2025-06-08,9149,MKHC,Maya Khola Hydropower Company Limited,421.9,421.9,404,409.76,15126,6181172.8,414.14,627,307.4,2025-06-08T14:59:55.917474,413.9,131,408.64,4097.6
251,2025-06-08,9150,AHL,Asian Hydropower Limited,648,648,623.3,646.85,4630,2921991.6,660.4,904,473,2025-06-08T14:54:15.24287,646.8,56,631.09,2199.29
252,2025-06-08,9151,KDL,Kalinchowk Darshan Limited,1090,1110,1090,1094.23,3209,3505924.5,1092.65,1381,970,2025-06-08T14:59:13.885787,1100,65,1092.52,6565.38
253,2025-06-08,9154,SFEF,Sunrise Focused Equity Fund,9.65,9.65,9.65,9.65,300,2895,9.81,10.66,7.86,2025-06-08T12:10:58.707581,9.65,2,9.65,965
254,2025-06-08,9156,TAMOR,Sanima Middle Tamor Hydropower Limited,490,497.3,481.2,487.19,13684,6671571,488.6,637,385,2025-06-08T14:59:51.343591,490,208,487.54,16235.61
255,2025-06-08,9158,MHCL,Molung Hydropower Company Limited,436,438,428,429.75,7914,3408010.3,435.22,655,355.1,2025-06-08T14:59:49.874772,429,122,430.63,3448.74
256,2025-06-08,9159,SMJC,Sagarmatha Jalabidhyut Company Limited,498,506.6,498,500.99,13820,6928086.9,497.7,800,374,2025-06-08T14:59:53.387648,503,226,501.3,5877.61
257,2025-06-08,9161,ANLB,Aatmanirbhar Laghubitta Bittiya Sanstha Limited,5483.1,5619,5483.1,5610.46,158,878451.7,5594.28,6735,2290.1,2025-06-08T14:59:35.987379,5609,15,5559.82,4395.42
258,2025-06-08,9166,MAKAR,Makar Jitumaya Suri Hydropower Limited,582.2,590,573.1,574.76,9014,5192279.1,590.47,860,390.2,2025-06-08T14:59:59.816582,585,101,576.02,4368.18
259,2025-06-08,9167,MKHL,Mai Khola Hydropower Limited,730,747,730,734.09,18148,13459412.2,735.98,769,439,2025-06-08T14:59:03.419209,732,147,741.64,2878.78
260,2025-06-08,9170,DOLTI,Dolti Power Company Limited,525,556,525,538.49,6706,3616793.1,535.3,1017,406.7,2025-06-08T14:58:30.874333,539.9,93,539.33,2888.92
261,2025-06-08,9171,BEDC,Bhugol Energy Development Company Limited,756.3,800,699.9,784.14,71845,53371162,771.66,1080,395,2025-06-08T14:59:58.887728,725.2,380,742.86,4266.14
262,2025-06-08,9173,CITY,City Hotel Limited,828,832,823,825.31,6961,5758639.7,827.98,1168.5,651,2025-06-08T14:59:44.943716,823,127,827.27,13815.69
263,2025-06-08,9174,PRSF,Prabhu Smart Fund,11.16,11.3,11.16,11.18,41500,465247,11.29,11.87,8.48,2025-06-08T14:58:20.31153,11.18,12,11.21,1118
264,2025-06-08,9175,MCHL,Menchhiyam Hydropower Limited,545,552,538,539.83,6139,3334861,554.42,714,395,2025-06-08T14:59:25.251687,538,84,543.22,2929.03
265,2025-06-08,9176,IHL,Ingwa Hydropower Limited,544.8,555,523,523.12,5378,2822945.3,534.18,838,399,2025-06-08T14:59:33.14615,523.1,66,524.9,3138.72
266,2025-06-08,9178,RMF2,RBB Mutual Fund 2,9.7,9.89,9.7,9.7,900,8759,9.7,10.73,8.23,2025-06-08T14:29:47.07212,9.7,5,9.73,820.74
267,2025-06-08,9179,MEL,Modi Energy Limited,295,295,285,285.9,40120,11581704.8,292.67,393,215,2025-06-08T14:59:54.399237,286,344,288.67,8291.1
268,2025-06-08,9181,RAWA,Rawa Energy Development Limited,786.9,807,786.9,802.63,3625,2890342.6,802.27,990,519,2025-06-08T14:59:34.245778,805,60,797.33,2247.36
269,2025-06-08,9182,SIGS3,Siddhartha Investment Growth Scheme 3,10.12,10.19,10.12,10.19,316530,3225417.2,10.19,10.96,8.28,2025-06-08T14:59:39.847392,10.19,31,10.18,821.11
270,2025-06-08,9183,NRM,Nepal Republic Media Limited,451.3,455,448,449.82,34346,15467527.3,453.31,645,375,2025-06-08T14:59:48.349011,451,315,450.34,4352.01
271,2025-06-08,9184,ILI,IME Life Insurance Company Limited,448,454.5,445.5,446.02,18171,8123768.2,447.62,606,412.5,2025-06-08T14:59:59.819708,446.5,368,447.07,22301
272,2025-06-08,9191,C30MF,Citizens Super 30 Mutual Fund,9.71,9.71,9.52,9.52,26750,257827,9.78,10.92,8.29,2025-06-08T13:22:25.591218,9.52,9,9.63,714.69
273,2025-06-08,9192,USHL,Upper Syange Hydropower Limited,628,652,604,623,1392,862386.8,616.23,961,500,2025-06-08T14:54:56.236663,623,44,619.53,1370.6
274,2025-06-08,9193,GCIL,Ghorahi Cement Industry Limited,497,497,484,484.98,22545,10955002.6,487.38,668,460,2025-06-08T14:59:43.02711,485,300,485.91,22152.36
275,2025-06-08,9194,TSHL,Three Star Hydropower Limited,675.1,700,675.1,691.73,2165,1483964.3,683.45,1231,499,2025-06-08T14:59:56.261263,685.2,49,685.43,3406.77
276,2025-06-08,9195,MLBLD89,11% Mahalaxmi Debenture 2089,1192,1215.8,1192,1215.8,74,88803,1216,1260,1058.6,2025-06-08T12:27:41.209241,1215.8,2,1200.04,1215.8
277,2025-06-08,9196,KBSH,Kutheli Bukhari Small Hydropower Limited,1891.7,1891.7,1830,1841.23,453,837105.6,1854.62,3300,1140,2025-06-08T14:55:43.531534,1849,20,1847.91,2468.25
278,2025-06-08,9198,LVF2,Laxmi Value Fund 2,9.85,10.3,9.85,9.9,21100,214222,10.02,10.4,7.98,2025-06-08T14:28:51.807486,9.9,22,10.15,792
279,2025-06-08,9199,RNLI,Reliable Nepal Life Insurance Limited,514.5,514.5,505.5,506.99,88911,45243686.4,508.98,600.1,415,2025-06-08T14:59:59.982017,507,1110,508.86,23524.34
280,2025-06-08,9201,SNLI,Sun Nepal Life Insurance Company Limited,477,490,476,483.09,8526,4080388.2,482.48,744.5,447.2,2025-06-08T14:59:52.278166,485,247,478.58,24305.38
281,2025-06-08,9203,MEHL,Manakamana Engineering Hydropower Limited,418,430,418,420.95,5220,2213910.7,425.33,696,337,2025-06-08T14:59:49.164524,423,117,424.12,3367.6
282,2025-06-08,9208,ULHC,Upper Lohore Khola Hydropower Company Limited,471.6,481,461.5,466.11,11389,5329900.6,462.42,693,364,2025-06-08T14:58:23.549489,462.2,151,467.98,2376.25
283,2025-06-08,9209,CLI,Citizen Life Insurance Company Limited,472.9,472.9,463.9,464.23,23365,10877471.3,467.65,774.9,463.9,2025-06-08T14:59:59.49349,464,534,465.54,23211.5
284,2025-06-08,9211,SBID89,9% Nepal SBI Bank Rinpatra 2089,1071.1,1071.1,1071.1,1071.1,25,26777.5,1090.1,1137.1,965,2025-06-08T12:19:42.130031,1071.1,1,1071.1,1519.21
285,2025-06-08,9212,MANDU,Mandu Hydropower Limited,844,855,836,843.68,2246,1895604.5,846.91,1493.1,805.6,2025-06-08T14:58:54.858528,843,61,843.99,11504.73
286,2025-06-08,9213,HATHY,Hathway Investment Nepal Limited,1226,1233,1212.1,1218.06,8621,10518468.5,1227.11,1816,885,2025-06-08T14:59:56.026326,1219,167,1220.09,34488.15
287,2025-06-08,9214,BGWT,Bhagawati Hydropower Development Company Limited,890,908,890,901,1262,1138361,906.94,1361.7,857.6,2025-06-08T14:52:59.379138,895.3,30,902.02,5360.48
288,2025-06-08,9215,MSHL,Mid Solu Hydropower Limited,850,930,850,899.4,1510,1327440,863.16,1180,636,2025-06-08T14:50:15.713509,900,42,879.09,6731.11
289,2025-06-08,9216,SONA,Sonapur Minerals And Oil Limited,451,455,445,445.83,60977,27318943.2,451,624,425,2025-06-08T14:59:54.021425,446,627,448.02,13709.5
290,2025-06-08,9217,MMKJL,Mathillo Mailun Khola Jalvidhyut Limited,563.2,570,563.2,566.78,3259,1848624.9,574.62,890.4,447,2025-06-08T14:59:57.873874,566,59,567.23,5667.8
291,2025-06-08,9218,TVCL,Trishuli Jal Vidhyut Company Limited ,478,478,466.1,469.62,6089,2861447.3,473.92,697,431,2025-06-08T14:59:57.167602,469.5,79,469.93,8699.71
292,2025-06-08,9221,H8020,Himalayan 80-20,11.22,11.46,11.17,11.46,27000,306133,11.44,11.46,8.53,2025-06-08T14:37:13.063149,11.46,32,11.33,114.6
293,2025-06-08,9225,VLUCL,Vision Lumbini Urja Company Limited ,590,614,590,600.56,2681,1609470.8,590.5,816,500.4,2025-06-08T14:57:47.810472,604,123,600.32,11485.71
294,2025-06-08,9230,MKCL,Muktinath Krishi Company Limited,1482,1505,1480,1483.94,4532,6747681.2,1493.27,1926,1071,2025-06-08T14:59:24.734302,1485,101,1488.89,10387.58
295,2025-06-08,9231,CIZBD90,10% Citizens Bank Debenture 2090,1145,1145,1145,1145,25,28625,1145,1207,1000,2025-06-08T11:22:17.12495,1145,1,1145,3435
296,2025-06-08,9232,CKHL,Chirkhwa Hydropower Limited ,641,641,615.5,616.42,4698,2921956.9,629.18,910,537,2025-06-08T14:59:20.948907,616,83,621.95,2465.68
297,2025-06-08,9233,NWCL,Nepal Warehousing Company Limited ,898,915.9,875,880.52,5422,4798230.2,898.25,1264,826,2025-06-08T14:59:50.768342,885,121,884.95,6053.57
298,2025-06-08,9234,HRL,Himalayan Reinsurance Limited,930,935,910,913.37,131188,120363442.9,927.78,1156,512,2025-06-08T14:59:55.277825,913,1264,917.48,99265.05
299,2025-06-08,9236,NICGF2,NIC ASIA Growth Fund-2,8.51,8.91,8.51,8.91,3850,33937,8.6,9.79,7.66,2025-06-08T14:24:24.109203,8.91,17,8.81,806.36
300,2025-06-08,9241,KSY,Kumari Sabal Yojana,8.89,9.24,8.89,9.1,600,5451,9,10.91,7.77,2025-06-08T14:06:43.477615,9.1,6,9.08,677.72
301,2025-06-08,9242,SARBTM,Sarbottam Cement Limited,839,848.8,830,830.85,41366,34530757.7,839.12,1060,696.8,2025-06-08T14:59:37.716232,830.1,266,834.76,41338.94
302,2025-06-08,9244,NIBLSTF,NIBL Stable Fund,8.22,8.49,8.22,8.4,15303,128153.91,8.36,10.55,7.85,2025-06-08T14:59:49.370224,8.49,25,8.37,949.2
303,2025-06-08,9245,MNMF1,Muktinath Mutual Fund 1,9.05,9.2,9.04,9.07,5000,45378,9.2,10.42,8.67,2025-06-08T14:40:26.198142,9.07,26,9.07,1133.75
304,2025-06-08,9246,GMLI,Guardian Micro Life Insurance Limited ,2393,2442.9,2200,2340.93,10575,24204269.4,2393.78,2778,301,2025-06-08T14:56:35.076522,2442.9,499,2288.81,17556.97
305,2025-06-08,9248,GSY,Garima Samriddhi Yojana,9.12,9.35,9.12,9.26,5500,50858,9.3,10,8.8,2025-06-08T14:59:32.47508,9.26,32,9.24,1157.5
306,2025-06-08,9249,ICFCD88,9% ICFC Finance Limited Debenture 2088,1090,1100,1090,1100,75,82005,1097,1123.6,1000,2025-06-08T14:59:28.078879,1100,3,1093.4,330
307,2025-06-08,9250,NMIC,Nepal Micro Insurance Company Limited,1755,1755,1592.8,1595.79,57804,95728132,1769.73,2703.3,302.3,2025-06-08T14:59:58.402849,1593,2346,1656.08,11968.42
308,2025-06-08,9252,CREST,Crest Micro Life Insurance Limited,1685,1693,1563.1,1579,55475,89406912.1,1694.13,2458.2,302.5,2025-06-08T14:59:55.22382,1563.1,2234,1611.66,11842.5
309,2025-06-08,9254,NMBHF2,NMB Hybrid Fund L- II,8.53,8.69,8.5,8.66,15719,134847.87,8.7,10,8.16,2025-06-08T14:59:48.433901,8.69,40,8.57,1181.95
310,2025-06-08,9255,EBLD91,Everest Bank Limited Debenture 2091,1030,1040,1026,1030,235,242135,1029,1045,996,2025-06-08T14:59:26.505897,1030,11,1030.36,3090
311,2025-06-08,9256,OMPL,Om Megashree Pharmaceuticals Limited,1775.1,1790,1628.4,1628.4,67440,112446763,1809.24,2167.2,270,2025-06-08T14:59:44.830551,1628.4,6735,1667.36,9770.4
312,2025-06-08,9257,MBLEF,MBL Equity Fund,9,9.27,8.94,9.01,17500,158211,9.1,10.19,8.8,2025-06-08T14:54:09.28689,9.01,35,9.04,1095.84
313,2025-06-08,9258,PURE,Pure Energy Limited,522.1,563.5,522.1,563.5,580,324978,512.3,563.5,289.3,2025-06-08T14:57:09.676397,563.5,58,560.3,4508